Category,Item,Notes
Physical Access Controls,Are all exterior doors and entry points secured with locks or electronic access control systems?,#This is an example.
Physical Access Controls,"Are loading docks, windows, and other alternative entry points secured?",
Physical Access Controls,"Are access control devices (keycards, badges, keys) issued only to authorized personnel?",
Physical Access Controls,"Are lost, stolen, or damaged access devices reported and deactivated immediately?",
Monitoring and Surveillance,"Are surveillance cameras operational and positioned to cover all critical areas (e.g., entrances, exits, corridors)?",
Monitoring and Surveillance,"Are high-risk areas (e.g., server rooms, safes) monitored 24/7?",
Visitor Management,Are all visitors required to sign in and out upon entry and exit?,
Visitor Management,"Are visitors required to present valid identification (e.g., government-issued ID)?",
Physical Barriers and Entry Points,"Are fences, gates, and barriers intact and free of damage?",
Physical Barriers and Entry Points,"Are all doors, hinges, and frames inspected regularly for wear, tampering, or damage?",
Emergency Preparedness and Recovery,Are evacuation routes clearly marked and free from obstruction?,
Emergency Preparedness and Recovery,Are emergency response drills conducted regularly and documented?,
Environmental Controls,"Are temperature and humidity levels in sensitive areas (e.g., server rooms) monitored?",
Environmental Controls,"Are fire suppression systems (e.g., sprinklers, gas systems) operational and inspected per schedule?",
Equipment and Media Protection,Are servers and critical equipment secured in locked racks or cages?,
Equipment and Media Protection,"Are procedures in place for securely disposing of sensitive equipment and media (e.g., degaussing, shredding)?",
Maintenance and Testing,"Are physical security systems (e.g., cameras, alarms) inspected and tested regularly?",
Delivery and Removal,Are delivery packages inspected for tampering or signs of compromise?,
Training and Awareness,Are employees trained on identifying and reporting physical security threats?,
Incident Response,"Are physical security incidents (e.g., break-ins, theft) documented and reported immediately?",
